City_ID,City,Cloudiness,Country,Date,Humidity,Lat,Lng,Max Temp,Wind Speed
0,saint george,20,GR,1539105600,72,39.45,22.34,62.6,2.24
1,srednekolymsk,68,RU,1539108221,90,67.46,153.71,22.74,2.84
2,east london,0,ZA,1539104400,88,-33.02,27.91,66.2,3.36
3,islamkot,64,PK,1539108221,31,24.7,70.18,83.31,9.89
4,parabel,56,RU,1539108221,94,58.71,81.5,47.13,10.11
5,arraial do cabo,75,BR,1539104400,83,-22.97,-42.02,82.4,6.93
6,mandera,48,ET,1539108221,42,3.94,41.86,84.93,6.08
7,ushuaia,75,AR,1539104400,69,-54.81,-68.31,39.2,14.99
8,torbay,90,CA,1539105000,60,47.66,-52.73,42.8,11.41
9,turayf,75,SA,1539104400,36,31.68,38.65,80.6,6.93
10,escarcega,0,MX,1539108222,57,18.61,-90.75,92.31,3.0
11,bluff,12,AU,1539108222,79,-23.58,149.07,68.19,11.61
12,ponta do sol,56,BR,1539108222,65,-20.63,-46.0,81.33,7.58
13,bredasdorp,24,ZA,1539104400,77,-34.53,20.04,64.4,9.17
14,carnarvon,0,ZA,1539108223,14,-30.97,22.13,71.52,8.25
15,del rio,1,US,1539104160,71,29.36,-100.9,73.94,9.17
16,fortuna,75,ES,1539106200,52,38.18,-1.13,69.8,13.87
17,berlevag,75,NO,1539105600,80,70.86,29.09,41.0,18.34
18,ribeira grande,75,PT,1539106200,94,38.52,-28.7,68.0,26.4
19,airai,0,TL,1539108224,79,-8.93,125.41,56.85,1.39
20,rawson,88,AR,1539108224,29,-43.3,-65.11,55.59,25.1
21,cape town,0,ZA,1539104400,77,-33.93,18.42,62.6,13.87
22,mabai,100,CN,1539108224,95,23.01,104.4,58.56,2.28
23,barrow,0,AR,1539108224,53,-38.31,-60.23,60.27,17.16
24,rafaela,0,AR,1539108224,48,-31.25,-61.49,77.91,18.84
25,semporna,68,MY,1539108225,99,4.48,118.61,85.2,5.57
26,marawi,68,PH,1539108225,99,8.0,124.29,70.17,2.06
27,butaritari,0,KI,1539108225,100,3.07,172.79,83.76,7.09
28,maceio,40,BR,1539108000,58,-9.67,-35.74,82.4,17.22
29,saskylakh,68,RU,1539108225,94,71.97,114.09,31.56,10.67
30,rikitea,44,PF,1539108225,99,-23.12,-134.97,73.23,14.81
31,vanino,56,RU,1539108225,71,53.93,40.55,41.64,4.34
32,rincon,75,US,1539107760,79,32.3,-81.24,84.92,12.75
33,comodoro rivadavia,40,AR,1539104400,43,-45.87,-67.48,50.0,21.92
34,the valley,20,AI,1539104400,70,18.22,-63.06,86.0,16.11
35,iqaluit,75,CA,1539104400,73,63.75,-68.52,26.6,5.82
36,jamestown,80,AU,1539108226,91,-33.21,138.6,54.33,8.43
37,kapaa,90,US,1539104400,79,22.08,-159.32,78.08,14.99
38,biak,88,ID,1539108226,100,-0.91,122.88,76.74,3.11
39,upernavik,20,GL,1539108227,100,72.79,-56.15,26.07,5.91
40,bajos de haina,90,DO,1539104400,83,18.41,-70.03,82.4,13.87
41,khatanga,88,RU,1539108227,94,71.98,102.47,33.18,10.67
42,tricase,20,IT,1539104100,88,39.93,18.36,68.0,8.05
43,hobart,75,AU,1539106200,39,-42.88,147.33,46.4,19.46
44,pevek,44,RU,1539108227,100,69.7,170.27,30.21,6.42
45,port alfred,0,ZA,1539108228,87,-33.59,26.89,70.62,6.31
46,shwebo,92,MM,1539108228,98,22.57,95.7,70.89,2.84
47,hasaki,20,JP,1539106200,93,35.73,140.83,64.4,4.7
48,sao joao da barra,0,BR,1539104400,58,-21.64,-41.05,84.2,18.34
49,betare oya,80,CM,1539108228,98,5.6,14.08,67.02,2.06
50,puerto ayora,20,EC,1539104400,57,-0.74,-90.35,78.8,18.34
51,norman wells,75,CA,1539104400,86,65.28,-126.83,28.4,5.82
52,qaanaaq,36,GL,1539108229,100,77.48,-69.36,16.71,11.83
53,anadyr,0,RU,1539104400,75,64.73,177.51,44.6,15.66
54,kloulklubed,40,PW,1539103800,94,7.04,134.26,75.2,7.36
55,hualmay,12,PE,1539108012,64,-11.1,-77.61,70.53,6.08
56,santa isabel,90,CO,1539104400,100,4.71,-75.1,69.8,3.36
57,inhambane,0,MZ,1539104400,83,-23.87,35.38,75.2,11.41
58,lasa,20,CY,1539106200,73,34.92,32.53,75.2,4.7
59,axim,80,GH,1539108230,100,4.87,-2.24,78.18,10.04
60,dikson,88,RU,1539108230,94,73.51,80.55,38.58,19.62
61,punta arenas,75,CL,1539104400,39,-53.16,-70.91,44.6,19.46
62,yumen,0,CN,1539108231,50,40.29,97.04,33.63,7.02
63,kodiak,90,US,1539107460,100,39.95,-94.76,68.0,8.05
64,castro,80,CL,1539108231,67,-42.48,-73.76,49.11,9.78
65,constitucion,5,MX,1539103440,42,23.99,-104.67,66.2,5.82
66,busselton,88,AU,1539108232,88,-33.64,115.35,66.21,11.39
67,new norfolk,75,AU,1539106200,39,-42.78,147.06,46.4,19.46
68,half moon bay,20,US,1539104160,72,37.46,-122.43,68.0,3.36
69,bowen,0,AU,1539104400,88,-20.01,148.25,62.6,10.38
70,ilulissat,75,GL,1539103800,54,69.22,-51.1,28.4,4.12
71,batemans bay,92,AU,1539108233,100,-35.71,150.18,54.69,9.55
72,chuy,0,UY,1539108233,91,-33.69,-53.46,67.02,19.44
73,nantucket,20,US,1539106500,69,41.28,-70.1,75.2,18.34
74,punta alta,90,AR,1539108000,83,-27.46,-55.82,84.2,11.41
75,udachnyy,88,RU,1539108233,73,66.42,112.4,35.34,5.53
76,jinchang,0,CN,1539108234,65,38.52,102.19,25.98,2.73
77,georgetown,75,GY,1539104400,56,6.8,-58.16,93.2,6.93
78,front royal,90,US,1539105300,69,38.92,-78.19,82.04,6.93
79,atuona,36,PF,1539108234,98,-9.8,-139.03,81.06,18.95
80,manono,32,CD,1539108235,82,-7.3,27.4,75.21,0.76
81,lompoc,1,US,1539106500,68,34.64,-120.46,66.92,3.4
82,chapais,90,CA,1539106500,93,49.78,-74.86,42.8,3.36
83,coquimbo,0,CL,1539104400,72,-29.95,-71.34,60.8,11.41
84,avarua,75,CK,1539104400,78,-21.21,-159.78,71.6,3.36
85,teahupoo,20,PF,1539106200,69,-17.83,-149.27,82.4,5.82
86,yellowknife,5,CA,1539104400,95,62.45,-114.38,32.0,6.93
87,te anau,8,NZ,1539108236,71,-45.41,167.72,46.68,17.31
88,katsuura,36,JP,1539108236,97,33.93,134.5,65.67,3.56
89,souillac,0,FR,1539106200,56,45.6,-0.6,71.6,8.05
90,buin,75,CL,1539108000,42,-33.73,-70.74,66.2,9.17
91,pisco,20,PE,1539104400,30,-13.71,-76.2,71.6,9.17
92,mataura,48,NZ,1539108236,57,-46.19,168.86,53.7,23.91
93,acucena,40,BR,1539104400,41,-19.07,-42.55,91.4,11.41
94,wanaka,0,NZ,1539108237,61,-44.7,169.14,44.97,8.03
95,tuktoyaktuk,90,CA,1539104400,86,69.44,-133.03,26.6,5.82
96,eyl,44,SO,1539108237,80,7.98,49.82,79.26,17.6
97,ust-nera,36,RU,1539108237,89,64.57,143.24,-0.66,2.21
98,petropavlovsk-kamchatskiy,68,RU,1539104400,86,53.05,158.65,30.2,11.18
99,izvestkovyy,88,RU,1539108237,97,48.98,131.55,36.51,2.51
100,hambantota,68,LK,1539108237,100,6.12,81.12,77.64,17.94
101,chokurdakh,36,RU,1539108238,79,70.62,147.9,12.93,9.44
102,ombessa,64,CM,1539108238,83,4.6,11.26,74.94,3.89
103,queanbeyan,90,AU,1539106200,87,-35.35,149.23,53.6,9.17
104,sheffield lake,1,US,1539107580,51,41.49,-82.1,84.92,11.41
105,ca mau,56,VN,1539108238,100,9.18,105.15,78.36,3.51
106,atar,0,MR,1539108238,13,20.52,-13.05,100.41,4.63
107,lucapa,56,AO,1539108238,84,-8.42,20.74,72.96,2.77
108,auka,75,HN,1539104400,70,14.93,-83.83,87.8,6.93
109,natchitoches,90,US,1539106980,72,31.76,-93.09,84.02,10.29
110,tilichiki,0,RU,1539108239,92,60.47,166.1,35.16,8.1
111,mar del plata,64,AR,1539108030,47,-46.43,-67.52,49.38,21.41
112,leningradskiy,92,RU,1539108239,97,69.38,178.42,36.06,14.85
113,vanimo,24,PG,1539108240,100,-2.67,141.3,82.23,12.06
114,denpasar,40,ID,1539106200,83,-8.65,115.22,78.8,3.36
115,saint-francois,0,FR,1539106200,77,46.42,3.91,60.8,8.05
116,meulaboh,56,ID,1539108240,100,4.14,96.13,77.73,3.51
117,albany,20,US,1539107460,62,42.65,-73.75,80.06,10.29
118,cap malheureux,40,MU,1539104400,73,-19.98,57.61,75.2,14.99
119,santa marta,75,CO,1539104400,70,11.24,-74.21,86.0,16.11
120,okhotsk,68,RU,1539108242,100,59.36,143.24,31.92,6.76
121,port-cartier,90,CA,1539104400,86,50.03,-66.88,39.2,5.82
122,gisborne,0,NZ,1539108125,82,-38.66,178.02,43.62,7.43
123,rocha,0,UY,1539108242,58,-34.48,-54.34,69.63,14.97
124,westport,90,IE,1539106200,93,53.8,-9.52,57.2,17.22
125,bethel,90,US,1539103980,95,60.79,-161.76,44.06,10.29
126,sharanga,56,RU,1539108244,85,57.18,46.54,33.63,6.02
127,port elizabeth,40,US,1539107700,69,39.31,-74.98,80.96,5.82
128,san cristobal,75,EC,1539104400,72,-0.39,-78.55,59.0,11.41
129,maracacume,36,BR,1539108245,81,-2.04,-45.96,87.63,9.55
130,vysokogornyy,68,RU,1539108245,88,50.1,139.13,33.0,8.55
131,hami,0,CN,1539108246,56,42.84,93.51,40.74,6.13
132,mareeba,20,AU,1539106200,94,-16.99,145.42,68.0,3.56
133,ancud,64,CL,1539108246,59,-41.87,-73.83,50.73,9.82
134,tura,0,IN,1539108246,89,25.52,90.21,69.63,4.07
135,praia da vitoria,40,PT,1539104400,73,38.73,-27.07,73.4,27.89
136,jasper,1,US,1539106500,55,33.83,-87.28,86.0,10.29
137,zhigansk,92,RU,1539108247,95,66.77,123.37,31.38,10.33
138,hithadhoo,12,MV,1539108247,98,-0.6,73.08,84.3,14.41
139,luzhou,44,CN,1539108248,95,28.89,105.45,54.33,2.73
140,thompson,90,CA,1539105780,78,55.74,-97.86,32.0,5.82
141,longyearbyen,40,NO,1539103800,79,78.22,15.63,24.8,3.36
142,calama,0,CL,1539104400,15,-22.46,-68.93,71.6,20.8
143,varberg,75,SE,1539105600,82,57.11,12.25,57.2,18.34
144,cabo san lucas,5,MX,1539103680,60,22.89,-109.91,82.4,17.22
145,nha trang,36,VN,1539108249,100,12.24,109.19,76.92,10.16
146,hilo,75,US,1539104160,97,19.71,-155.08,71.96,3.36
147,sitka,92,US,1539108247,100,37.17,-99.65,47.49,18.16
148,dongying,0,CN,1539108249,77,37.43,118.67,40.47,9.82
149,guzelyurt,75,TR,1539105600,72,38.28,34.37,59.0,12.75
150,nikolskoye,90,RU,1539106200,81,59.7,30.79,51.8,8.95
151,vaini,76,IN,1539108250,97,15.34,74.49,70.98,2.1
152,deputatskiy,56,RU,1539108250,78,69.3,139.9,9.87,2.62
153,millinocket,90,US,1539104160,77,45.66,-68.71,62.96,7.31
154,san patricio,88,PY,1539108251,96,-26.98,-56.83,74.58,2.21
155,chernyshevskiy,36,RU,1539108251,67,63.01,112.47,38.31,12.17
156,matay,0,EG,1539108251,48,28.42,30.79,76.29,7.87
157,nakusp,44,CA,1539108251,89,50.24,-117.8,37.77,1.99
158,laguna,75,MX,1539103200,47,27.52,-110.01,78.8,5.82
159,sant julia de loria,68,AD,1539108252,68,42.46,1.49,49.74,2.39
160,presidencia roque saenz pena,32,AR,1539108252,94,-26.79,-60.44,78.63,8.55
161,egvekinot,92,RU,1539108252,90,66.32,-179.17,34.53,9.82
162,sao filipe,56,CV,1539108252,89,14.9,-24.5,82.59,4.23
163,bossangoa,12,CF,1539108252,75,6.5,17.45,78.36,3.33
164,wajid,64,SO,1539108252,48,3.81,43.25,84.3,11.83
165,freeport,75,BS,1539104400,74,26.54,-78.7,87.8,6.93
166,ipixuna,75,BR,1539108000,70,-1.76,-48.8,86.0,10.29
167,abnub,0,EG,1539104400,32,27.27,31.15,82.4,11.41
168,haines junction,44,CA,1539108253,90,60.75,-137.51,21.03,1.99
169,hermanus,0,ZA,1539108254,64,-34.42,19.24,64.41,3.11
170,kem,92,UG,1539108254,99,2.68,33.77,64.59,2.55
171,lomovka,75,RU,1539104400,75,53.92,58.37,44.6,4.47
172,xining,0,CN,1539108254,76,36.62,101.77,17.34,2.51
173,saint-paul,0,FR,1539106200,56,45.22,1.9,69.8,11.41
174,tiksi,36,RU,1539108255,88,71.64,128.87,27.51,7.54
175,altay,64,CN,1539108255,72,47.83,88.13,26.07,2.33
176,marsa matruh,20,EG,1539104400,69,31.35,27.25,77.0,5.82
177,carauari,0,BR,1539108255,38,-4.88,-66.9,100.14,4.29
178,makat,0,KZ,1539108255,35,47.65,53.35,46.77,9.37
179,chanika,0,MW,1539108256,82,-12.93,34.19,68.01,2.73
180,quelimane,40,MZ,1539104400,83,-17.88,36.89,75.2,6.93
181,nhulunbuy,0,AU,1539106200,94,-12.18,136.78,69.8,11.68
182,gohad,8,IN,1539108256,54,26.42,78.44,74.94,3.4
183,cootamundra,20,AU,1539108256,91,-34.64,148.03,54.06,12.39
184,saint-joseph,0,FR,1539106200,64,43.56,6.97,71.6,3.36
185,gazojak,0,TM,1539108257,57,41.19,61.4,47.04,9.37
186,arlit,48,NE,1539108257,13,18.74,7.39,92.49,4.0
187,salalah,0,OM,1539103800,45,17.01,54.1,86.0,5.82
188,ostrovnoy,32,RU,1539108258,94,68.05,39.51,36.69,19.95
189,lebu,20,ET,1539108259,43,8.96,38.73,57.84,6.76
190,cayenne,0,GF,1539106200,62,4.94,-52.33,89.6,13.87
191,pyinmana,68,MM,1539108259,96,19.74,96.21,73.23,2.39
192,port lincoln,80,AU,1539108324,93,-34.72,135.86,56.49,17.16
193,mahebourg,40,MU,1539104400,73,-20.41,57.7,75.2,14.99
194,cabedelo,75,BR,1539104400,55,-6.97,-34.84,86.0,18.34
195,sabha,36,LY,1539108260,21,27.03,14.43,86.37,8.1
196,itarema,0,BR,1539108261,44,-2.92,-39.92,93.21,17.16
197,elko,90,US,1539107760,60,40.83,-115.76,53.06,13.87
198,saint anthony,90,US,1539106980,81,43.97,-111.68,41.0,8.05
199,ambon,0,FR,1539106200,68,47.55,-2.56,68.0,5.82
200,hofn,88,IS,1539108261,100,64.25,-15.21,40.56,6.8
201,pimentel,24,BR,1539108262,62,-3.7,-45.5,88.35,4.0
202,raymondville,90,US,1539106080,64,37.34,-91.83,78.98,12.75
203,nioro,0,GM,1539108262,72,13.79,-15.05,91.86,3.78
204,lensk,32,RU,1539108262,64,60.71,114.91,38.31,9.44
205,carmen,100,PH,1539108262,98,7.2,124.8,72.78,1.88
206,djambala,0,CG,1539108262,94,-2.55,14.76,71.34,4.63
207,new iberia,90,US,1539106500,83,30.0,-91.82,84.92,9.17
208,azare,64,NG,1539108263,81,11.67,10.19,76.65,4.56
209,taitung,48,TW,1539108070,100,22.76,121.15,72.51,5.75
210,bacolod,20,PH,1539108263,88,10.68,122.95,74.94,3.56
211,clermont,88,AU,1539108263,54,-22.82,147.64,76.47,1.72
212,nago,20,IT,1539105600,72,45.88,10.89,71.6,2.24
213,saldanha,0,PT,1539108264,52,41.42,-6.55,59.46,3.89
214,ampanihy,0,MG,1539108264,44,-24.69,44.75,74.94,11.9
215,lugovoy,64,RU,1539108264,88,59.72,65.88,38.22,10.83
216,kudat,75,MY,1539104400,88,6.89,116.84,82.4,3.36
217,arman,90,RU,1539104400,80,59.7,150.17,30.2,6.71
218,olbia,20,IT,1539105600,83,40.92,9.49,69.8,5.82
219,riberalta,75,BO,1539104400,63,-11.0,-66.08,91.4,6.93
220,katobu,0,ID,1539108265,100,-4.94,122.53,78.09,4.52
221,faanui,36,PF,1539108265,98,-16.48,-151.75,80.34,3.85
222,vuktyl,20,RU,1539108009,81,63.86,57.31,32.82,8.43
223,datong,0,CN,1539108265,72,40.09,113.3,19.23,2.77
224,atbasar,0,KZ,1539108266,66,51.81,68.36,43.26,7.31
225,vangaindrano,92,MG,1539108266,100,-23.35,47.6,63.96,3.74
226,taltal,0,CL,1539108266,71,-25.41,-70.49,70.71,3.22
227,cuxhaven,75,DE,1539105600,62,53.87,8.7,55.4,5.82
228,nome,75,US,1539107700,75,30.04,-94.42,85.64,9.17
229,troitsko-pechorsk,44,RU,1539108266,83,62.71,56.19,33.27,8.59
230,hirara,8,JP,1539108267,100,24.8,125.28,78.63,10.78
231,terrace,75,CA,1539104400,87,54.52,-128.61,46.4,9.17
232,saint-augustin,20,FR,1539106200,72,44.83,-0.61,68.0,3.36
233,borogontsy,80,RU,1539108139,91,62.67,131.17,25.8,4.29
234,nishihara,1,JP,1539104400,88,35.74,139.53,69.8,2.84
235,clyde river,75,CA,1539104400,92,70.47,-68.59,26.6,17.22
236,yenagoa,92,NG,1539108267,81,4.92,6.26,78.9,8.81
237,kalmunai,64,LK,1539108268,100,7.42,81.82,74.67,3.29
238,chara,20,GR,1539105600,72,39.42,22.43,62.6,2.24
239,tasiilaq,75,GL,1539107400,100,65.61,-37.64,32.0,5.82
240,ratnagiri,36,IN,1539108268,100,16.98,73.3,82.05,6.8
241,touros,12,BR,1539107978,61,-5.2,-35.46,85.74,20.56
242,karaton,20,ID,1539106200,74,-6.34,106.1,80.6,3.36
243,sola,90,FI,1539107400,93,62.78,29.36,51.8,12.75
244,broome,0,GB,1539107760,77,52.47,1.45,64.4,9.17
245,cherlak,0,RU,1539108269,53,54.15,74.8,50.19,12.57
246,alquizar,90,CU,1539104100,79,22.81,-82.59,84.2,10.29
247,victoria,75,BN,1539106200,94,5.28,115.24,80.6,2.24
248,abaza,0,RU,1539108270,73,52.65,90.1,27.33,2.28
249,saint-philippe,1,CA,1539105300,73,45.36,-73.48,75.2,17.22
250,chabahar,0,IR,1539108270,95,25.29,60.65,82.5,9.04
251,ludvika,75,SE,1539105600,87,60.15,15.18,55.4,14.99
252,paranhos,48,PY,1539108271,83,-23.89,-55.43,83.31,6.13
253,la rioja,0,AR,1539108006,22,-29.41,-66.86,85.83,11.12
254,urusha,8,RU,1539108271,82,54.05,122.9,23.73,3.0
255,talnakh,88,RU,1539108271,95,69.49,88.39,33.36,7.36
256,kavieng,20,PG,1539108271,100,-2.57,150.8,82.23,3.89
257,kirensk,0,RU,1539108271,76,57.78,108.12,22.83,2.33
258,santiago de chuco,44,PE,1539108271,41,-8.15,-78.17,64.77,1.39
259,tayu,40,JP,1539106200,88,35.06,136.67,68.0,4.7
260,valdivia,75,CL,1539104400,57,-39.81,-73.25,51.8,4.7
261,sorland,40,NO,1539105600,81,67.67,12.69,44.6,23.04
262,kodinsk,80,RU,1539108272,64,58.6,99.18,39.66,4.85
263,roma,40,IT,1539105600,93,41.89,12.48,71.6,2.24
264,motygino,92,RU,1539108272,64,58.18,94.69,44.61,6.13
265,fort nelson,75,CA,1539104400,74,58.81,-122.69,28.4,5.82
266,henties bay,32,NA,1539108273,91,-22.12,14.28,60.63,8.43
267,phangnga,75,TH,1539106200,94,8.45,98.53,75.2,2.24
268,hay river,5,CA,1539104400,54,60.82,-115.79,28.4,8.05
269,kenai,90,US,1539104160,85,60.55,-151.26,46.04,6.93
270,dunedin,92,NZ,1539108130,59,-45.87,170.5,49.47,14.97
271,digby,92,CA,1539108051,91,44.62,-65.76,59.73,13.85
272,chimoio,20,MZ,1539104400,46,-19.11,33.48,71.6,9.17
273,maniitsoq,88,GL,1539108273,100,65.42,-52.9,29.49,7.43
274,parintins,0,BR,1539108274,36,-2.63,-56.73,97.89,6.08
275,linhares,0,BR,1539108274,49,-19.38,-40.06,87.27,13.06
276,fort-shevchenko,0,KZ,1539108274,94,44.51,50.26,59.46,12.06
277,rockland,75,US,1539107760,66,42.13,-70.92,78.98,12.75
278,zdvinsk,20,RU,1539108274,63,54.7,78.67,51.63,13.13
279,sawai madhopur,24,IN,1539108274,39,26.02,76.35,76.65,7.09
280,lae,0,PG,1539108275,100,-6.72,146.98,64.14,1.39
281,sandwick,20,GB,1539107400,87,54.57,-2.89,51.8,19.46
282,houma,0,CN,1539108275,62,35.63,111.36,34.44,1.77
283,shimoda,0,JP,1539108275,100,34.7,138.93,70.26,10.6
284,honiara,20,SB,1539104400,100,-9.43,159.96,73.4,3.36
285,qasigiannguit,75,GL,1539107400,58,68.82,-51.19,28.4,3.36
286,acapulco,75,MX,1539103560,83,16.86,-99.88,82.4,4.29
287,mount gambier,0,AU,1539108275,82,-37.83,140.78,47.58,8.14
288,kaitangata,56,NZ,1539108276,53,-46.28,169.85,49.29,9.15
289,sao joao de pirabas,0,BR,1539108276,87,-0.77,-47.18,83.94,17.38
290,evensk,68,RU,1539108276,100,61.92,159.24,40.74,14.29
291,dobryanka,75,RU,1539106200,100,58.45,56.42,39.2,8.95
292,santiago,75,CL,1539108000,42,-33.44,-70.65,66.2,9.17
293,sur,0,OM,1539108277,100,22.57,59.53,81.06,1.88
294,olinda,75,EC,1539104400,61,-2.03,-79.75,80.6,6.93
295,itoman,20,JP,1539104400,78,26.12,127.67,75.2,4.7
296,kahului,20,US,1539105660,76,20.89,-156.47,78.08,8.05
297,cairns,20,AU,1539106200,94,-16.92,145.77,68.0,4.85
298,gijon,20,ES,1539106200,82,43.54,-5.66,59.0,5.82
299,grindavik,75,IS,1539106200,86,63.84,-22.43,41.0,16.11
300,cidreira,88,BR,1539108278,100,-30.17,-50.22,72.78,6.31
301,esperance,20,TT,1539104400,74,10.24,-61.45,86.0,12.75
302,kirkenaer,64,NO,1539108278,69,60.46,12.06,55.77,9.93
303,meadow lake,5,CA,1539104400,68,54.13,-108.44,28.4,2.24
304,nichinan,88,JP,1539108279,100,31.65,131.31,66.57,3.22
305,dalvik,75,SE,1539105600,93,57.79,14.13,53.6,17.22
306,tacuarembo,88,UY,1539108279,91,-31.73,-55.98,74.85,7.36
307,tuatapere,80,NZ,1539108280,90,-46.13,167.69,51.99,23.76
308,tezu,12,IN,1539108280,65,27.93,96.16,60.54,1.99
309,mbandaka,20,CD,1539108280,78,0.05,18.26,79.89,4.23
310,carutapera,12,BR,1539108280,64,-1.2,-46.02,87.99,14.92
311,bagamoyo,20,MZ,1539104400,73,-25.89,32.56,73.4,11.41
312,kralendijk,8,BQ,1539104100,66,12.15,-68.27,89.6,12.75
313,tsiroanomandidy,76,MG,1539108281,75,-18.77,46.05,66.21,4.12
314,geraldton,90,CA,1539104400,93,49.72,-86.95,35.6,6.93
315,kapit,32,MY,1539108281,98,2.02,112.94,72.24,2.06
316,pacific grove,90,US,1539106500,77,36.62,-121.92,60.8,3.29
317,vao,88,EE,1539108281,92,59.1,26.19,51.36,15.41
318,capaci,0,IT,1539105600,73,38.17,13.24,71.6,6.93
319,lapeer,75,US,1539106500,62,43.05,-83.32,85.28,9.17
320,panzhihua,92,CN,1539108281,100,26.59,101.72,53.07,2.39
321,upington,0,ZA,1539104400,10,-28.46,21.24,87.8,6.93
322,ust-omchug,80,RU,1539108282,71,61.13,149.63,11.04,2.62
323,rumoi,24,JP,1539108282,84,43.93,141.67,48.21,5.12
324,champua,36,IN,1539108282,56,22.04,85.66,74.31,5.23
325,provideniya,92,RU,1539108282,100,64.42,-173.23,44.97,29.01
326,faya,0,SA,1539104400,43,18.39,42.45,73.4,3.36
327,sambava,76,MG,1539108283,100,-14.27,50.17,76.38,21.85
328,kawalu,44,ID,1539108283,99,-7.38,108.21,65.13,1.28
329,voh,36,NC,1539108283,100,-20.95,164.69,71.43,5.91
330,kazanskaya,0,RU,1539108283,63,45.41,40.44,63.69,12.62
331,xichang,92,CN,1539108283,100,27.88,102.25,43.71,1.83
332,tabuk,88,PH,1539108283,99,17.41,121.44,69.18,1.83
333,kidal,0,ML,1539108283,21,18.44,1.41,88.71,2.84
334,belaya gora,0,RU,1539108284,78,68.54,146.19,7.26,5.01
335,los llanos de aridane,40,ES,1539106200,73,28.66,-17.92,77.0,6.93
336,aswan,0,EG,1539104400,18,24.09,32.9,89.6,9.17
337,semey,0,KZ,1539108284,81,50.41,80.25,41.01,6.24
338,weligama,92,LK,1539108284,100,5.97,80.42,75.3,9.04
339,zhangye,24,CN,1539108284,44,38.94,100.46,32.82,6.24
340,coihaique,75,CL,1539104400,45,-45.58,-72.07,48.2,8.05
341,kholmogory,75,RU,1539106200,93,64.23,41.65,44.6,8.95
342,maputo,20,MZ,1539104400,73,-25.97,32.57,73.4,11.41
343,gat,40,SN,1539104400,59,14.69,-16.54,95.0,10.04
344,kungurtug,8,RU,1539108285,77,50.6,97.53,18.15,2.39
345,garden city,90,US,1539107760,87,40.73,-73.63,77.0,6.93
346,cherskiy,12,RU,1539108286,98,68.75,161.3,19.86,2.33
347,corinto,12,BR,1539108286,35,-18.36,-44.46,94.2,5.86
348,batagay-alyta,92,RU,1539108286,91,67.8,130.41,17.16,3.0
349,ormara,0,PK,1539108286,64,25.21,64.64,81.33,10.04
350,harper,75,US,1539107700,93,30.3,-99.24,66.02,8.05
351,pemba,0,MZ,1539108286,97,-12.97,40.52,79.71,12.95
352,ciudad bolivar,0,VE,1539108286,43,8.12,-63.55,96.54,10.11
353,kjopsvik,75,NO,1539103800,81,68.1,16.37,44.6,33.33
354,luau,8,CD,1539108287,34,-10.7,22.23,77.19,4.63
355,karratha,0,AU,1539108287,38,-20.74,116.85,76.47,11.68
356,kirundo,40,BI,1539106200,57,-2.59,30.09,75.2,3.36
357,bubaque,40,GW,1539104400,70,11.28,-15.83,87.8,8.05
358,sarangani,8,PH,1539108287,97,5.4,125.46,84.03,8.43
359,vargashi,8,RU,1539108288,67,55.36,65.85,41.91,11.05
360,arnes,88,ES,1539108288,87,40.91,0.26,51.99,2.55
361,hirata,36,JP,1539108288,100,37.21,140.56,55.05,2.06
362,panguna,44,PG,1539108288,93,-6.32,155.48,74.58,3.22
363,beloha,36,MG,1539108288,50,-25.17,45.06,76.02,20.07
364,mugumu,48,TZ,1539108288,93,-1.84,34.67,62.25,3.4
365,kutum,0,SD,1539108288,22,14.2,24.66,76.92,9.44
366,talcahuano,40,CL,1539104400,54,-36.72,-73.12,57.2,16.11
367,klaksvik,48,FO,1539105600,87,62.23,-6.59,46.4,12.75
368,miri,56,NG,1539108289,71,10.31,9.75,77.37,2.55
369,iquitos,40,PE,1539104400,319,-3.75,-73.25,42.8,4.7
370,kuzhener,36,RU,1539108289,84,56.81,48.92,32.46,3.78
371,guerrero negro,12,MX,1539108290,74,27.97,-114.04,72.06,6.42
372,yulara,0,AU,1539104400,52,-25.24,130.99,66.2,6.93
373,tambacounda,75,SN,1539104400,59,13.77,-13.67,93.2,4.7
374,sokolow podlaski,48,PL,1539108205,86,52.41,22.25,46.5,3.33
375,vagay,92,RU,1539108290,88,57.94,69.02,39.21,12.62
376,husavik,48,CA,1539108290,100,50.56,-96.99,39.57,13.35
377,komsomolskiy,0,RU,1539108291,86,67.55,63.78,28.23,14.47
378,yar-sale,20,RU,1539108291,100,66.83,70.83,31.11,3.51
379,erenhot,0,CN,1539108291,70,43.65,111.97,26.25,9.55
380,garissa,0,KE,1539108291,46,-0.46,39.64,82.41,15.59
381,zheleznodorozhnyy,0,RU,1539106200,68,55.75,38.0,44.6,4.47
382,juneau,90,US,1539104160,100,58.3,-134.42,39.92,3.22
383,mallaig,92,GB,1539108292,98,57.01,-5.83,54.69,13.69
384,santa cruz,1,US,1539106500,72,36.97,-122.03,64.94,3.33
385,straubing,1,DE,1539107760,100,48.88,12.57,52.7,4.74
386,yarmouth,0,GB,1539107400,82,50.71,-1.5,60.8,3.36
387,lazaro cardenas,40,MX,1539103200,39,28.39,-105.62,64.4,4.7
388,nemuro,24,JP,1539108293,97,43.32,145.57,58.65,9.89
389,jiazi,0,CN,1539104400,100,19.61,110.49,71.6,3.06
390,roald,75,NO,1539105600,100,62.58,6.12,50.0,6.93
391,galesong,20,ID,1539106200,73,-5.32,119.37,73.4,2.24
392,ardesen,75,TR,1539106200,93,41.19,40.99,66.2,6.93
393,coruripe,0,BR,1539108294,93,-10.12,-36.18,79.17,10.94
394,fairbanks,12,US,1539108190,63,64.84,-147.72,22.2,7.09
395,sereflikochisar,48,TR,1539108295,100,38.94,33.54,53.16,2.62
396,nohar,0,IN,1539108295,55,29.18,74.77,74.49,4.9
397,virginia beach,20,US,1539107640,59,36.85,-75.98,84.92,13.87
398,port moresby,8,PG,1539108295,96,-9.47,147.16,77.46,16.93
399,tirat karmel,20,IL,1539103800,65,32.76,34.97,78.8,6.93
400,sabang,88,PH,1539108295,100,13.72,123.58,77.64,3.56
401,najran,0,SA,1539104400,19,17.54,44.22,78.8,4.7
402,ostersund,75,SE,1539105600,87,63.18,14.64,46.4,3.36
403,sterling,90,US,1539106920,66,39.0,-77.4,82.04,6.76
404,brae,20,GB,1539107400,87,60.4,-1.35,51.8,9.17
405,pangai,40,TO,1539104400,83,-19.8,-174.35,75.2,9.17
406,farmington,75,US,1539107580,52,36.73,-108.21,53.06,13.87
407,thinadhoo,80,MV,1539108297,100,0.53,72.93,82.95,11.95
408,luchegorsk,0,RU,1539108297,77,46.44,134.3,29.31,2.33
409,kualakapuas,90,ID,1539104400,83,-3.01,114.39,78.8,3.36
410,vanavara,48,RU,1539108298,74,60.35,102.28,34.26,4.85
411,mirabad,0,IR,1539108298,16,28.27,61.33,47.85,4.23
412,pechenga,0,RU,1539108298,81,58.89,41.46,40.83,15.08
413,solnechnyy,88,RU,1539108298,98,50.72,136.64,36.6,4.52
414,toora-khem,0,RU,1539108298,76,52.47,96.11,24.45,1.77
415,kakuda,92,JP,1539108298,100,37.99,140.78,64.23,4.23
416,bom sucesso,80,BR,1539108117,50,-21.03,-44.76,82.41,9.26
417,curup,92,ID,1539108299,97,-3.47,102.53,69.27,0.54
418,storsteinnes,90,NO,1539105600,81,69.24,19.23,42.8,16.11
419,avera,90,US,1539106500,70,33.19,-82.53,84.2,12.75
420,mount isa,44,AU,1539106200,32,-20.73,139.49,66.2,1.12
421,kysyl-syr,92,RU,1539108299,99,63.9,122.77,32.19,5.86
422,manicore,68,BR,1539108300,65,-5.81,-61.3,91.23,2.28
423,narsaq,75,GL,1539107400,79,60.91,-46.05,32.0,2.24
424,whitehorse,75,CA,1539104400,92,60.72,-135.06,23.0,12.75
425,cabra,20,ES,1539106200,39,37.47,-4.43,78.8,5.82
426,eidfjord,100,NO,1539108300,97,60.47,7.07,41.19,4.34
427,dargaville,0,NZ,1539108300,86,-35.94,173.86,43.26,3.0
428,ahipara,0,NZ,1539108301,100,-35.17,173.16,42.9,1.61
429,liaocheng,0,CN,1539108301,60,36.44,115.96,38.76,3.85
430,diapaga,24,BF,1539108301,63,12.07,1.79,84.66,0.6
431,minna,48,NG,1539108301,98,9.62,6.55,72.15,5.3
432,ariquemes,20,BR,1539108301,49,-9.91,-63.03,94.38,3.06
433,gizo,40,IL,1539105600,65,31.8,34.94,78.8,5.82
434,bambous virieux,40,MU,1539104400,73,-20.34,57.76,75.2,14.99
435,severo-kurilsk,20,RU,1539108302,98,50.68,156.12,45.87,11.83
436,mehamn,75,NO,1539105600,80,71.03,27.85,41.0,18.34
437,kondinskoye,88,RU,1539108302,91,59.65,67.41,38.67,9.93
438,gazanjyk,0,TM,1539108302,47,39.24,55.52,55.05,11.79
439,lancut,0,PL,1539106200,93,50.07,22.23,50.0,4.7
440,bloomfield,90,US,1539107760,87,40.81,-74.19,77.0,3.74
441,kasongo-lunda,20,CD,1539108303,98,-6.48,16.82,71.61,2.39
442,sechura,0,PE,1539108303,79,-5.56,-80.82,72.24,11.68
443,sao felix do xingu,32,BR,1539108304,83,-6.64,-51.99,82.77,2.55
444,oktyabrskiy,0,RU,1539106200,68,55.61,37.97,44.6,4.47
445,empangeni,0,ZA,1539108304,57,-28.75,31.9,73.59,14.36
446,lavrentiya,44,RU,1539108304,95,65.58,-170.99,43.98,21.56
447,jiexiu,0,CN,1539108304,60,37.02,111.92,27.87,2.62
448,ponta delgada,40,PT,1539106200,88,37.73,-25.67,69.8,17.22
449,araouane,0,ML,1539108304,16,18.9,-3.53,89.97,5.23
450,soresina,40,IT,1539105600,72,45.29,9.86,71.6,3.36
451,rio gallegos,40,AR,1539104400,23,-51.62,-69.22,48.2,31.09
452,nagar karnul,20,IN,1539108305,59,16.48,78.32,77.91,6.13
453,verkhnyaya inta,32,RU,1539108305,77,65.99,60.32,31.83,7.14
454,camacha,40,PT,1539106200,83,33.08,-16.33,71.6,10.29
455,minas de barroteran,8,MX,1539108306,66,27.63,-101.28,78.63,11.34
456,don benito,12,ES,1539108306,46,38.95,-5.86,67.47,3.0
457,phan thiet,68,VN,1539108306,100,10.93,108.1,79.62,10.89
458,obidos,0,PT,1539106200,35,39.36,-9.16,75.2,8.05
459,nanortalik,44,GL,1539108306,99,60.14,-45.24,35.16,15.37
460,takab,92,IR,1539108307,70,36.4,47.11,49.29,1.1
461,aykhal,32,RU,1539108307,84,65.95,111.51,31.74,8.81
462,margate,75,AU,1539106200,39,-43.03,147.26,46.4,19.46
463,saryozek,8,KZ,1539108307,84,44.36,77.98,36.33,2.73
464,berezovyy,36,RU,1539108308,82,51.67,135.7,29.67,3.22
465,qaqortoq,75,GL,1539107400,100,60.72,-46.03,32.0,2.24
466,kununurra,0,AU,1539106200,78,-15.77,128.74,75.2,3.11
467,santiago del estero,20,AR,1539108122,67,-27.8,-64.26,80.52,11.83
468,puerto escondido,75,MX,1539103260,70,15.86,-97.07,84.2,6.93
469,galle,75,US,1539107580,72,29.74,-97.91,82.94,10.29
470,cockburn town,76,TC,1539108010,100,21.46,-71.14,80.61,14.85
471,wynyard,36,CA,1539108308,96,51.77,-104.18,32.28,7.58
472,dengzhou,0,CN,1539108308,59,32.69,112.08,49.02,6.76
473,tecoanapa,75,MX,1539103560,83,16.99,-99.26,82.4,4.34
474,kruisfontein,0,ZA,1539108309,91,-34.0,24.73,65.22,6.58
475,monfalcone,0,IT,1539106200,56,45.81,13.53,71.6,9.17
476,esterhazy,64,CA,1539108310,100,50.65,-102.08,33.54,7.02
477,lokosovo,92,RU,1539108310,100,61.13,74.84,37.14,17.94
478,codrington,0,AU,1539108310,94,-28.95,153.24,58.74,4.63
479,sinnamary,0,GF,1539108310,84,5.38,-52.96,84.75,13.47
480,mpika,0,ZM,1539108310,43,-11.84,31.4,68.37,7.31
481,tiarei,20,PF,1539106200,69,-17.53,-149.33,82.4,5.82
482,kuala lipis,80,MY,1539108311,99,4.19,102.05,71.52,3.29
483,port blair,48,IN,1539108311,100,11.67,92.75,82.14,19.55
484,charters towers,0,AU,1539108311,92,-20.07,146.27,65.94,9.66
485,bolobo,8,CD,1539108312,85,-2.17,16.23,77.73,2.55
486,kolyvan,0,RU,1539106200,62,55.31,82.74,51.8,11.18
487,luang prabang,44,LA,1539108312,98,19.89,102.14,66.03,1.1
488,namatanai,68,PG,1539108312,100,-3.66,152.44,81.51,9.15
489,sassandra,92,CI,1539108377,100,4.95,-6.09,74.13,9.04
490,nizwa,8,OM,1539108314,33,22.93,57.53,75.57,4.0
491,talovaya,48,RU,1539108314,76,51.12,40.73,51.18,4.34
492,dauphin,90,CA,1539104400,80,51.15,-100.04,33.8,5.82
493,halifax,90,CA,1539104400,82,44.65,-63.58,60.8,18.34
494,campbell river,20,CA,1539104400,76,50.02,-125.24,55.4,10.29
495,mossendjo,64,CG,1539108316,91,-2.95,12.72,74.4,3.0
496,korampallam,92,IN,1539108316,81,8.77,78.1,78.0,8.1
497,katherine,0,AU,1539106200,57,-14.47,132.26,77.0,5.82
498,nosy varika,88,MG,1539108317,100,-20.58,48.53,67.65,3.74
499,tala,5,MX,1539103800,56,20.65,-103.7,69.8,3.29
500,xiamen,40,CN,1539104400,78,24.46,118.07,75.2,4.47
501,dumas,48,IN,1539108318,92,21.09,72.71,88.35,10.67
502,ambilobe,0,MG,1539108318,51,-13.19,49.05,77.64,16.82
503,palmer,75,US,1539104160,9,61.6,-149.11,46.94,10.29
504,opuwo,24,NA,1539108318,23,-18.06,13.84,76.56,4.07
505,naze,75,NG,1539104400,88,5.43,7.07,77.0,2.24
506,wanning,40,AT,1539105600,82,48.64,13.53,59.0,3.36
507,balkanabat,0,TM,1539108319,31,39.51,54.36,57.21,6.91
508,aksay,0,RU,1539108319,88,47.27,39.86,58.83,10.6
509,roebourne,0,AU,1539108319,38,-20.77,117.15,76.47,11.68
510,aksarka,0,RU,1539108319,82,66.56,67.8,24.09,4.9
511,netivot,0,IL,1539108044,76,31.42,34.59,67.47,7.09
512,waddan,76,LY,1539108320,34,29.16,16.14,78.99,8.25
513,owando,24,CG,1539108320,78,-0.49,15.91,78.9,3.29
514,salvador,20,BR,1539108000,66,-12.98,-38.48,84.2,14.99
515,makungu,80,TZ,1539108320,54,-8.74,35.29,72.33,5.53
516,severodvinsk,75,RU,1539106200,93,64.56,39.82,44.6,8.95
517,bathsheba,20,BB,1539104400,70,13.22,-59.52,86.0,16.11
518,siuna,0,NI,1539108321,67,13.73,-84.78,88.17,3.22
519,sibolga,76,ID,1539108321,100,1.74,98.78,68.64,1.77
520,padang,56,ID,1539108321,100,-0.92,100.36,78.18,1.1
521,kavaratti,76,IN,1539108321,100,10.57,72.64,81.24,9.33
522,gewane,0,ET,1539108322,34,10.16,40.66,74.76,7.36
523,north bend,75,US,1539107700,77,43.41,-124.22,59.0,4.7
524,ende,0,ID,1539108322,100,-8.84,121.65,78.36,3.11
525,lagos,68,NG,1539108028,82,6.46,3.39,81.24,12.35
526,ikalamavony,88,MG,1539108323,89,-21.17,46.6,59.19,8.88
527,olenino,0,RU,1539108323,78,56.21,33.48,41.28,13.35
528,perth,75,GB,1539107400,93,56.4,-3.43,57.2,19.46
529,mentakab,92,MY,1539108323,99,3.49,102.35,72.06,2.62
530,luderitz,12,NA,1539108323,89,-26.65,15.16,60.09,9.37
531,goure,8,NE,1539108324,38,13.98,10.27,86.73,4.79
532,jagatsinghapur,40,IN,1539106200,88,20.27,86.17,78.8,5.82
533,mangrol,24,IN,1539108324,54,25.33,76.51,72.33,3.4
534,savelugu,24,GH,1539108324,75,9.63,-0.83,84.57,4.56
535,mamanguape,75,BR,1539104400,55,-6.83,-35.12,86.0,18.34
536,oum hadjer,0,TD,1539108324,44,13.3,19.7,82.68,3.74
537,paamiut,76,GL,1539108324,100,61.99,-49.67,35.07,5.57
538,gambela,64,ET,1539108325,91,8.25,34.59,62.97,3.62
539,abu dhabi,0,AE,1539104400,70,24.47,54.37,89.6,8.05
540,lahat,92,ID,1539108325,99,-3.78,103.55,71.97,5.01
541,autazes,0,BR,1539108325,40,-3.58,-59.13,97.62,7.92
542,herat,0,AF,1539104100,17,34.35,62.22,53.6,2.24
543,taoudenni,12,ML,1539108325,18,22.68,-3.98,93.3,4.9
544,oranjemund,92,ZA,1539108325,93,-28.55,16.43,58.56,7.92
545,aklavik,90,CA,1539106740,79,68.22,-135.01,23.0,3.36
546,hobyo,12,SO,1539108325,84,5.35,48.53,78.09,19.62
547,zyryanka,76,RU,1539108326,90,65.73,150.89,23.91,2.55
548,victor harbor,75,AU,1539106200,58,-35.55,138.62,53.6,6.93
549,marigot,75,HT,1539104400,62,18.23,-72.32,87.8,20.8
550,champerico,75,MX,1539103320,52,16.38,-93.6,87.8,10.29
551,kwinana,32,AU,1539106200,45,-32.25,115.77,69.8,12.75
552,lagoa,40,PT,1539106200,68,37.14,-8.45,69.8,8.05
